"","75","117","309","428","609","971","1085","1176","1599","1607","2235","2244","2251","2534","2579","2670","2688","2708","2908","3058","3076","3090","3099","3606","3764","3833","4029","4472","5308","5579","5720","6075","6083","6309","6958","7018","7129","7146","7344","7464","7711","7946","8240","8511","8562","8622","8932","9013","9042","9070","9192","9214","9446","9454","9501","9596","9685"
"Ancestral","D","A","P","S","T","P","V","A","L","I","L","I","G","G","D","C","L","N","F","T","H","T","S","L","E","N","M","Y","W","T","Y","I","P","F","K","D","F","H","S","V","D","L","P","L","E","G","D","L","P","Q","V","L","S","S","K","P","I"
"EPI_ISL_402120","","","","","","","","","","","","","","","","","","","","","","","","","","","","","","","","","","","","","","","","","","","","","","","","","P","","","","","","","",""
"EPI_ISL_402123","","","","","","","","","","","","","","","","","","N","F","","","","","","","","","","","","","","","","","","","","","","","","","","","","","","","","","","","","","",""
"EPI_ISL_402127","","","","","","","","","","","","","","","","","","","","","","","","","","","","","","","","","","","","D","","","","","","","","","","","","","","","","","","","","",""
"EPI_ISL_402128","","","","","","","","","","","","","G","","","","","","","","","","","","","","","","","","","","","","K","","","","","","","","","","","","","","","","","","","","","",""
"EPI_ISL_402130","","","","","","","","","","","","","","","D","","","","","","","T","","","","","","","","","","","","","","","","","","","","","","","","","","","","","","","","","","",""
"EPI_ISL_402132","","","","","","","","","","","","","","","","","","","","","","","","","","","","","","","","","","","","","F","","","","","","","","","","","","","","","","","","","",""
"EPI_ISL_403928","","","","","","","","","","","","","","G","","","","","","","","","","","","","","","","","","","","","","","","","","","","","","","","","","","","","","","","","","",""
"EPI_ISL_403930","","","","","","","","","","","","I","","","","","","","","","","","","","","","","","","","","","","","","","","","","","","","","","","","","","","","","","","","","",""
"EPI_ISL_403932","","","","","","","","","","","","","","","","","","","","","","","","","","","","","","","","","","","","","","","","","","","","","","","","","","","","L","","","","",""
"EPI_ISL_403933","","","","","","","","","","","","","","","","","","","","","","","","","","","","","","","","","","","","","","","","","","","","","","","","","","","","L","","","","",""
"EPI_ISL_403935","","","","","","","","","","","","","","","","","","","","","","","","","","","","","","","","","","","","","","","","","","","","","","","","","","","","L","","","","",""
"EPI_ISL_403936","","","","","","","","","","","","","","","","","","","","","","","","","","","","","","","","","","","","","","H","","","","","","","","","","","","","","","","","","",""
"EPI_ISL_403937","","","","","","","","","","","","","","","","","","","","","","","","","","","","","","","","","","","","","","H","","","","","","","","","","","","","","","","","","",""
"EPI_ISL_404895","","","","","","","","","","","","","","","","","","","","","","","","","","","","","","","","","","","","","","","","","","","","","","","","","","","","L","","","","",""
"EPI_ISL_405839","","","","","","","","","","","","","","","","","","","","","","","S","","","","","","","","","","","","","","","","","","","","","","","","","","","","","L","","","","",""
"EPI_ISL_406030","","","","","","","","","","","","","","","","","","","","","","","","","","","","","","","","","","","","","","","","","","","","","","","","","","","","L","","","","",""
"EPI_ISL_406031","","","","","","","","","","","","","","","","","","","","","","","","","","","","","W","","","","","","","","","","","","","","","","E","G","","","","","","","","","","",""
"EPI_ISL_406034","","","","S","","","","","","","","","","","","","","","","","","","","","","","","","","","","","","","","","","","","","","","","","","","","","","","V","L","","","","",""
"EPI_ISL_406036","","","","","","","","","","","","","","","","","","","","","","","","","","","","","","T","","","","","","","","","","","","","","","","G","","","","","","","","","","",""
"EPI_ISL_406223","","","","","","","","","","","","","","","","","","","","","","","","L","","","","","","","","","","","","","","","","","","","","","","","","","","","","L","","","","",""
"EPI_ISL_406531","","","","","","","","","","","","","","","","","","","","","","","","","","","","","","","","","","","","","","H","","","","","","","","","","","","","","","","","","",""
"EPI_ISL_406533","","","","","","","","","","","","","","","","","","","","","","","","","","","","","","","","","","","","","","","","","","","","","","","","","","","","","","","","P",""
"EPI_ISL_406534","","","","","","","","","","","","","","","","","","","","","","","","","","","","","","","","","","","","","","","","","","","","","","","","","","","","","S","","","",""
"EPI_ISL_406593","","","","","","","","","","","","","","","","","","","","","","","","","","","","","","","","","","","","","","","","","","","","","","","","","","","","L","","","","",""
"EPI_ISL_406594","","","","","","","","","","","","","","","","","","","","","","","","","","","","","","","","","","","","","","","","","","","","","","","","","","Q","","","S","","","",""
"EPI_ISL_406596","","","","","","","","","","","","","","","","","","","","","","","","","","","","","","","","","","","","","","","","V","","","","","","G","","","","","","","","","","",""
"EPI_ISL_406597","","","","","","","","","","","","","","","","","","","","","","","","","","","","","","","","","","","","","","","","V","","","","","","G","","","","","","","","","","",""
"EPI_ISL_406798","","","","","","","","","","","L","","","","","","","","","","","","","","","N","","","","","","","","","","","","","","","","","","","","","","","","","","","","","","",""
"EPI_ISL_406801","","","","","","","","","","","","","","","","","","","","","","","","","","","","","","","","","","","","","","","","","","","","","","","","","","","","L","","","","",""
"EPI_ISL_406844","","","","","","","","","","","","","","","","","","","","","","","","","","","","","","","","","","","","","","","S","","","","","","","G","","","","","","","","","","",""
"EPI_ISL_406862","","","","","","","","","","","","","","","","","","","","","","","","","","","","","","","","","","","","","","","","","D","","","","","","","","","","","","","","","",""
"EPI_ISL_407071","","","","","","","","","","","","","","","","","","","","","","","","","","","","","","","","I","","","","","","","","","","","","","","","","","","","","L","","","","",""
"EPI_ISL_407073","","","","","","","","","","","","","","","","","","","","","","","","","","","","","","","","I","","","","","","","","","","","","","","","","","","","","L","","","","","I"
"EPI_ISL_407084","","","","","","","","","","","","","","","","","","","","","","","","","","","","","","","","","P","","","","","","","","","","","","","","","","","","","","","","","",""
"EPI_ISL_407193","","","","","","","","","L","","","","","","","","","","","","","","","","","","","","","","","","","","","","","","","","","","","","","","","","","","","L","","","","",""
"EPI_ISL_407214","","","","","","","","","","","","","","","","","","","","","","","","","","","","","","","","","","","","","","","","","","","","","","","","","","","","L","","","","",""
"EPI_ISL_407215","","","","","","","","","","","","","","","","","","","","","","","","","","","","","","","","","","","","","","","","","","","","","","","","","","","","L","","","","",""
"EPI_ISL_407893","","","","","","","","","","","","","","","","","","","","","","","","","","","","","","","","","","","","","","","","","","","","","","","","","","","","L","","","","",""
"EPI_ISL_407894","","","","","","","","","","","","","","","","","","","","","","","","","","","","","","","","","","","","","","","","","","","","","","","","","","","","L","","S","","",""
"EPI_ISL_407896","","","","","","","","","","","","","","","","","","","","","","","","","","","","","","","","","","","","","","","","","","","P","","","","","","","","","L","","S","","",""
"EPI_ISL_407976","","","","","","","","","","","","","","","","","","","","","","","","","","","","","","","","","","","","","","","","","","","","","","","","","","","","L","","","","",""
"EPI_ISL_407987","","","","","","","","","","","","","","","","","","","","","","","","","","","","","","","","","","","","","","","","","","","","","","","D","","","","","","","","","",""
"EPI_ISL_407988","","","","","","","","","","","","","","","","","","","","","","","","L","","","","","","","","","","","","","","","","","","","","","","","","","","","","","","","","",""
"EPI_ISL_408008","","A","","","","","","","","I","","","","","","","","","","","","","","","","","","","","","","","","","","","","","","","","","","","","","","","","","","","S","","","",""
"EPI_ISL_408009","","A","","","","","","","","I","","","","","","","","","","","","","","","","","","","","","","","","","","","","","","","","","","","","","","","","","","","S","","","",""
"EPI_ISL_408010","","","","","T","","","","","","","","","","","","","","","","","","","","","","","","","","","","","","","","","H","","","","","","","","","","","","","","","","","","",""
"EPI_ISL_408430","","","P","","","","","","","","","","","","","","","","","T","","","","L","","","","","","","","","","","","","","","","","","","","","","","","","","","","","","","","",""
"EPI_ISL_408478","","","","","","","","","","","","","","","","","","","","","","","","","","","","","","","","","","","","","","","","","","","","","","","","","","","","L","","","","",""
"EPI_ISL_408480","","","","","","","","","","","","","","","","","","","","","","","","L","","","","","","","","","","","","","","","","","","","","","","","","","","","","L","","","","",""
"EPI_ISL_408481","","","","","","","","","","","","","","","","","","","","","","","","L","","","","","","","","","","","","","","","","","","","","","","","","","","","","","","","","",""
"EPI_ISL_408484","","","","","","","","","","","","","","","","","","","","","","","","","","","","","","","","","","F","","","","","","","","","","","","","","","","","V","L","","","","",""
"EPI_ISL_408486","","","","","","","","","","","","","","","","C","","","","","","","","","","","","","","","","","","","","","","","","","","","","","","","","","","","","","","","","",""
"EPI_ISL_408489","","","","","","","","","","","","","","","","","","","","","","","","","","","","","","","","","","","","","","","","","","","","","","","","","","","","L","","","","",""
"EPI_ISL_408511","","","","","","","","","","","","","","","","","","","","","","","","","","","","","","","","","","","","","","","","","","L","","","","","","L","","","","","","","","",""
"EPI_ISL_408515","","","","","","","","","","","","","","","","","","","","","","","","","","","M","","","","","","","","","","","","","","","","","","","","","","","","","","","","K","",""
"EPI_ISL_408665","","","","","","","","A","","","","","","","","","","","","","","","","","","","","","","","","","","","","","","","","","","","","","","","","","","","","L","","","","",""
"EPI_ISL_408666","","","","","","","","","","","","","","","","","","","","","","","","","","","","","","","","","","","","","","","","","","","","","","","","","","","","L","","","","",""
"EPI_ISL_408667","","","","","","","","","","","","","","","","","","","","","","","","","","","","","","","","","","","","","","","","","","","","","","","","","","","","L","","","","",""
"EPI_ISL_408668","","","","","","","","","","","","","","","","","","","","","","","","","","","","","","","","","","","","","","","","","","","","","","","","","","","V","L","","","","",""
"EPI_ISL_408669","","","","","","","","","","","","","","","","","","","","","","","","","E","","","","","","","","","","","","","","","","","","","L","","","","","","","","","","","","P",""
"EPI_ISL_408976","","","","","","","","","","","","","","","","","L","","","","","","","","","","","","","","","","","","","","","","","","","","","","","","","","","","","","","","","",""
"EPI_ISL_408977","","","","","","","","","","","","","","","","","","","","","","","","","","","","","","","","","","","","","","","","","","","","","","G","","","","","","","","","","",""
"EPI_ISL_409067","","","","","","","V","","","","","","","","","","","","","","","","","","","","","","","","Y","","","","","","","","","","","","","","","","","","","","","","S","","","",""
"EPI_ISL_410045","D","","","","","P","","","","","","","","","","","","","","","","","","","","","","","","","","","","","","","","","","","","","","","","","","","","","V","L","","","","",""
"EPI_ISL_410218","","","","","","","","","","","","","","","","","","","","","H","","","","","","","","","","","","","","","","","","","","","","","","","","","","","","","","","","","",""
"EPI_ISL_410535","","","","","","","","","","","","","","","","","","","","","","","","","","","","","","","","","","","","","","","","","","","","","","","","","","","","L","","S","","",""
"EPI_ISL_410536","","","","","","","","","","","","","","","","","","","","","","","","","","","","","","","","","","","","","","","","","","","","","","G","","","","","","","","","","",""
"EPI_ISL_410537","","","","","","","","","","","","","","","","","","","","","","","","","","","","","","","","","","","","","","","","","","","","","","","D","","","","","","","","","",""
"EPI_ISL_410545","","","","","","","","","","","","","","","","","","","","","","","","","","","","","","","","","","","","","","","","","","","","","","G","","","","","","","","","","",""
"EPI_ISL_410546","","","","","","","","","","","","","","","","","","","","","","","","L","","","","","","","","","","","","","","","","","","","","","","G","","","","","","","","","","",""
"EPI_ISL_410713","","","","","","","","","","","","","","","","","","","","","","","","","","","","","","","","","","","","","","","","","","","","","","G","","","","","","","","","","",""
"EPI_ISL_410714","","","","","","","","","","","","","","","","","","","","","","","","","","","","","","","","","","","","","","","","","","","","","","G","","","","","","","","","","",""
"EPI_ISL_410715","","","","","","","","","","","","","","","","","","","","","","","","","","","","","","","","","","","","","","","","","","","","","","G","","","","","","","","","","",""
"EPI_ISL_410716","","","","","","","","","","","","","","","","","","","","","","","","","","","","","","","","","","","","","","","","","","","","","","G","","","","","","","","","","",""
"EPI_ISL_410717","","","","","","","","","","","","","","","","","","","","","","","","","","","","","","","","","","","","","","","","","","","","","","","","","","","","L","","S","","",""
"EPI_ISL_410718","","","","","","","","","","","","","","","","","","","","","","","","","","","","","","","","","","","","","","","","","","","","","","","","","","","","L","","S","","",""
"EPI_ISL_410719","","","","","","","","","","","","","","","","","","","","","","","","","","","","Y","","","","","","","","","","","","","","","","","","","","","","","","","","","","",""
"EPI_ISL_410720","","","","","","","","","","","","","","","","","","","","","","","","","","","","","","","","","","","","","","","","V","","","","","","G","","","","","","","","","","",""
"NMDC60013002-09","","","","","","","","","","","","","","","","","","","","","","","","","","","","","","","","","","","","","","","","","","","","","","","","","P","","","","","","","",""
