"Accession.ID","mutAA","refAA","codon","refCodon","aaPos","Product"
"EPI_ISL_410045","E","D","GAA","GAT","75","orf1ab polyprotein"
"EPI_ISL_404227","V","V","GTT","GTC","106","orf1ab polyprotein"
"EPI_ISL_408009","T","A","ACT","GCT","117","orf1ab polyprotein"
"EPI_ISL_408008","T","A","ACT","GCT","117","orf1ab polyprotein"
"EPI_ISL_408430","S","P","TCA","CCA","309","orf1ab polyprotein"
"EPI_ISL_408478","Y","Y","TAT","TAC","359","orf1ab polyprotein"
"EPI_ISL_406034","N","S","AAC","AGC","428","orf1ab polyprotein"
"EPI_ISL_407084","S","S","TCT","TCC","549","orf1ab polyprotein"
"EPI_ISL_408010","I","T","ATT","ACT","609","orf1ab polyprotein"
"EPI_ISL_410545","A","A","GCT","GCA","668","orf1ab polyprotein"
"EPI_ISL_408667","Y","Y","TAT","TAC","799","orf1ab polyprotein"
"EPI_ISL_408665","Y","Y","TAT","TAC","799","orf1ab polyprotein"
"EPI_ISL_408666","Y","Y","TAT","TAC","799","orf1ab polyprotein"
"EPI_ISL_406862","F","F","TTT","TTC","924","orf1ab polyprotein"
"EPI_ISL_410045","L","P","CTT","CCT","971","orf1ab polyprotein"
"EPI_ISL_409067","F","V","TTT","GTT","1085","orf1ab polyprotein"
"EPI_ISL_402123","T","T","ACG","ACA","1171","orf1ab polyprotein"
"EPI_ISL_408665","V","A","GTT","GCT","1176","orf1ab polyprotein"
"EPI_ISL_407193","L","L","CTC","CTT","1379","orf1ab polyprotein"
"EPI_ISL_407193","F","L","TTT","TTG","1599","orf1ab polyprotein"
"EPI_ISL_408009","V","I","GTA","ATA","1607","orf1ab polyprotein"
"EPI_ISL_408008","V","I","GTA","ATA","1607","orf1ab polyprotein"
"EPI_ISL_406798","I","L","ATA","CTA","2235","orf1ab polyprotein"
"EPI_ISL_403930","T","I","ACC","ATC","2244","orf1ab polyprotein"
"EPI_ISL_402128","S","G","AGT","GGT","2251","orf1ab polyprotein"
"EPI_ISL_403928","V","G","GTT","GGT","2534","orf1ab polyprotein"
"EPI_ISL_402130","A","D","GCT","GAT","2579","orf1ab polyprotein"
"EPI_ISL_408486","Y","C","TAT","TGT","2670","orf1ab polyprotein"
"EPI_ISL_408976","F","L","TTT","CTT","2688","orf1ab polyprotein"
"EPI_ISL_402123","S","N","AGC","AAC","2708","orf1ab polyprotein"
"EPI_ISL_407214","S","S","AGT","AGC","2839","orf1ab polyprotein"
"EPI_ISL_410718","S","S","AGT","AGC","2839","orf1ab polyprotein"
"EPI_ISL_407894","S","S","AGT","AGC","2839","orf1ab polyprotein"
"EPI_ISL_408489","S","S","AGT","AGC","2839","orf1ab polyprotein"
"EPI_ISL_408668","S","S","AGT","AGC","2839","orf1ab polyprotein"
"EPI_ISL_407896","S","S","AGT","AGC","2839","orf1ab polyprotein"
"EPI_ISL_407976","S","S","AGT","AGC","2839","orf1ab polyprotein"
"EPI_ISL_407193","S","S","AGT","AGC","2839","orf1ab polyprotein"
"EPI_ISL_407073","S","S","AGT","AGC","2839","orf1ab polyprotein"
"EPI_ISL_406034","S","S","AGT","AGC","2839","orf1ab polyprotein"
"EPI_ISL_407071","S","S","AGT","AGC","2839","orf1ab polyprotein"
"EPI_ISL_407215","S","S","AGT","AGC","2839","orf1ab polyprotein"
"EPI_ISL_407893","S","S","AGT","AGC","2839","orf1ab polyprotein"
"EPI_ISL_406030","S","S","AGT","AGC","2839","orf1ab polyprotein"
"EPI_ISL_405839","S","S","AGT","AGC","2839","orf1ab polyprotein"
"EPI_ISL_408667","S","S","AGT","AGC","2839","orf1ab polyprotein"
"EPI_ISL_406593","S","S","AGT","AGC","2839","orf1ab polyprotein"
"EPI_ISL_410717","S","S","AGT","AGC","2839","orf1ab polyprotein"
"EPI_ISL_408665","S","S","AGT","AGC","2839","orf1ab polyprotein"
"EPI_ISL_408484","S","S","AGT","AGC","2839","orf1ab polyprotein"
"EPI_ISL_408480","S","S","AGT","AGC","2839","orf1ab polyprotein"
"EPI_ISL_403932","S","S","AGT","AGC","2839","orf1ab polyprotein"
"EPI_ISL_406801","S","S","AGT","AGC","2839","orf1ab polyprotein"
"EPI_ISL_403935","S","S","AGT","AGC","2839","orf1ab polyprotein"
"EPI_ISL_408478","S","S","AGT","AGC","2839","orf1ab polyprotein"
"EPI_ISL_404895","S","S","AGT","AGC","2839","orf1ab polyprotein"
"EPI_ISL_408666","S","S","AGT","AGC","2839","orf1ab polyprotein"
"EPI_ISL_410535","S","S","AGT","AGC","2839","orf1ab polyprotein"
"EPI_ISL_406223","S","S","AGT","AGC","2839","orf1ab polyprotein"
"EPI_ISL_410045","S","S","AGT","AGC","2839","orf1ab polyprotein"
"EPI_ISL_403933","S","S","AGT","AGC","2839","orf1ab polyprotein"
"EPI_ISL_402123","I","F","ATT","TTT","2908","orf1ab polyprotein"
"EPI_ISL_410218","K","K","AAG","AAA","2923","orf1ab polyprotein"
"EPI_ISL_408430","I","T","ATA","ACA","3058","orf1ab polyprotein"
"EPI_ISL_410218","Y","H","TAT","CAT","3076","orf1ab polyprotein"
"EPI_ISL_402130","I","T","ATT","ACT","3090","orf1ab polyprotein"
"EPI_ISL_405839","L","S","TTA","TCA","3099","orf1ab polyprotein"
"EPI_ISL_410715","N","N","AAT","AAC","3291","orf1ab polyprotein"
"EPI_ISL_410536","N","N","AAT","AAC","3291","orf1ab polyprotein"
"EPI_ISL_410716","N","N","AAT","AAC","3291","orf1ab polyprotein"
"EPI_ISL_410546","F","L","TTT","TTG","3606","orf1ab polyprotein"
"EPI_ISL_408430","F","L","TTT","TTG","3606","orf1ab polyprotein"
"EPI_ISL_407988","F","L","TTT","TTG","3606","orf1ab polyprotein"
"EPI_ISL_408480","F","L","TTT","TTG","3606","orf1ab polyprotein"
"EPI_ISL_406223","F","L","TTT","TTG","3606","orf1ab polyprotein"
"EPI_ISL_408481","F","L","TTT","TTG","3606","orf1ab polyprotein"
"EPI_ISL_408669","D","E","GAT","GAG","3764","orf1ab polyprotein"
"EPI_ISL_406798","K","N","AAA","AAT","3833","orf1ab polyprotein"
"EPI_ISL_408515","L","M","CTG","ATG","4029","orf1ab polyprotein"
"EPI_ISL_410719","C","Y","TGC","TAC","4472","orf1ab polyprotein"
"EPI_ISL_408669","N","N","AAT","AAC","5020","orf1ab polyprotein"
"EPI_ISL_406533","N","N","AAT","AAC","5020","orf1ab polyprotein"
"EPI_ISL_405839","L","L","CTA","TTA","5115","orf1ab polyprotein"
"EPI_ISL_406031","C","W","TGT","TGG","5308","orf1ab polyprotein"
"EPI_ISL_406036","I","T","ATA","ACA","5579","orf1ab polyprotein"
"EPI_ISL_408670","A","A","GCT","GCC","5703","orf1ab polyprotein"
"EPI_ISL_410719","A","A","GCT","GCC","5703","orf1ab polyprotein"
"EPI_ISL_406536","A","A","GCT","GCC","5703","orf1ab polyprotein"
"EPI_ISL_406535","A","A","GCT","GCC","5703","orf1ab polyprotein"
"EPI_ISL_409067","C","Y","TGT","TAT","5720","orf1ab polyprotein"
"EPI_ISL_407214","L","L","CTT","CTC","5932","orf1ab polyprotein"
"EPI_ISL_407215","L","L","CTT","CTC","5932","orf1ab polyprotein"
"EPI_ISL_408478","L","L","CTT","CTC","5932","orf1ab polyprotein"
"EPI_ISL_404895","L","L","CTT","CTC","5932","orf1ab polyprotein"
"EPI_ISL_407073","T","I","ACA","ATA","6075","orf1ab polyprotein"
"EPI_ISL_407071","T","I","ACA","ATA","6075","orf1ab polyprotein"
"EPI_ISL_407084","L","P","CTT","CCT","6083","orf1ab polyprotein"
"EPI_ISL_410717","H","H","CAC","CAT","6113","orf1ab polyprotein"
"EPI_ISL_406844","P","P","CCC","CCT","6267","orf1ab polyprotein"
"EPI_ISL_408484","Y","F","TAT","TTT","6309","orf1ab polyprotein"
"EPI_ISL_402121","A","A","GCA","GCG","6802","orf1ab polyprotein"
"NMDC60013002-10","A","A","GCA","GCG","6802","orf1ab polyprotein"
"EPI_ISL_402121","P","P","CCA","CCG","6805","orf1ab polyprotein"
"NMDC60013002-10","P","P","CCA","CCG","6805","orf1ab polyprotein"
"EPI_ISL_402128","R","K","AGG","AAG","6958","orf1ab polyprotein"
"EPI_ISL_402127","N","D","AAT","GAT","7018","orf1ab polyprotein"
"EPI_ISL_402132","I","F","ATC","TTC","7129","surface glycoprotein"
"EPI_ISL_403936","Y","H","TAT","CAT","7146","surface glycoprotein"
"EPI_ISL_408010","Y","H","TAT","CAT","7146","surface glycoprotein"
"EPI_ISL_406531","Y","H","TAT","CAT","7146","surface glycoprotein"
"EPI_ISL_403937","Y","H","TAT","CAT","7146","surface glycoprotein"
"EPI_ISL_410714","N","N","AAT","AAC","7196","surface glycoprotein"
"EPI_ISL_406844","R","S","AGG","AGT","7344","surface glycoprotein"
"EPI_ISL_410720","F","V","TTC","GTC","7464","surface glycoprotein"
"EPI_ISL_406597","F","V","TTC","GTC","7464","surface glycoprotein"
"EPI_ISL_406596","F","V","TTC","GTC","7464","surface glycoprotein"
"EPI_ISL_406862","G","D","GGT","GAT","7711","surface glycoprotein"
"EPI_ISL_403934","G","G","GGC","GGT","7766","surface glycoprotein"
"EPI_ISL_407073","P","P","CCG","CCT","7778","surface glycoprotein"
"EPI_ISL_407071","P","P","CCG","CCT","7778","surface glycoprotein"
"EPI_ISL_409067","N","N","AAT","AAC","7921","surface glycoprotein"
"EPI_ISL_408668","N","N","AAT","AAC","7921","surface glycoprotein"
"EPI_ISL_406034","N","N","AAT","AAC","7921","surface glycoprotein"
"EPI_ISL_408484","N","N","AAT","AAC","7921","surface glycoprotein"
"EPI_ISL_410301","N","N","AAT","AAC","7921","surface glycoprotein"
"EPI_ISL_410045","N","N","AAT","AAC","7921","surface glycoprotein"
"EPI_ISL_408511","F","L","TTC","CTC","7946","surface glycoprotein"
"NMDC60013002-06","K","K","AAG","AAA","8018","surface glycoprotein"
"EPI_ISL_402127","K","K","AAG","AAA","8018","surface glycoprotein"
"EPI_ISL_407896","L","P","CTT","CCT","8240","surface glycoprotein"
"EPI_ISL_406973","L","L","TTG","TTA","8263","surface glycoprotein"
"EPI_ISL_408431","L","L","CTT","CTC","8294","surface glycoprotein"
"EPI_ISL_407896","L","L","CTT","CTC","8436","ORF3a protein"
"EPI_ISL_408669","V","L","GTT","CTT","8511","ORF3a protein"
"EPI_ISL_406031","G","E","GGA","GAA","8562","ORF3a protein"
"EPI_ISL_410545","V","G","GTT","GGT","8622","ORF3a protein"
"EPI_ISL_406031","V","G","GTT","GGT","8622","ORF3a protein"
"EPI_ISL_410720","V","G","GTT","GGT","8622","ORF3a protein"
"EPI_ISL_406036","V","G","GTT","GGT","8622","ORF3a protein"
"EPI_ISL_410546","V","G","GTT","GGT","8622","ORF3a protein"
"EPI_ISL_410715","V","G","GTT","GGT","8622","ORF3a protein"
"EPI_ISL_410536","V","G","GTT","GGT","8622","ORF3a protein"
"EPI_ISL_408977","V","G","GTT","GGT","8622","ORF3a protein"
"EPI_ISL_410713","V","G","GTT","GGT","8622","ORF3a protein"
"EPI_ISL_406844","V","G","GTT","GGT","8622","ORF3a protein"
"EPI_ISL_406597","V","G","GTT","GGT","8622","ORF3a protein"
"EPI_ISL_410716","V","G","GTT","GGT","8622","ORF3a protein"
"EPI_ISL_410714","V","G","GTT","GGT","8622","ORF3a protein"
"EPI_ISL_406596","V","G","GTT","GGT","8622","ORF3a protein"
"EPI_ISL_408668","A","A","GCC","GCT","8792","membrane glycoprotein"
"EPI_ISL_406034","A","A","GCC","GCT","8792","membrane glycoprotein"
"EPI_ISL_408484","A","A","GCC","GCT","8792","membrane glycoprotein"
"EPI_ISL_410045","A","A","GCC","GCT","8792","membrane glycoprotein"
"EPI_ISL_410537","H","D","CAC","GAC","8932","membrane glycoprotein"
"EPI_ISL_407987","H","D","CAC","GAC","8932","membrane glycoprotein"
"EPI_ISL_408511","P","L","CCT","CTT","9013","ORF7a protein"
"EPI_ISL_402120","S","P","TCT","CCT","9042","ORF7a protein"
"NMDC60013002-09","S","P","TCT","CCT","9042","ORF7a protein"
"EPI_ISL_406594","*","Q","TAA","CAA","9070","ORF7a protein"
"EPI_ISL_408668","L","V","CTG","GTG","9192","ORF8 protein"
"EPI_ISL_406034","L","V","CTG","GTG","9192","ORF8 protein"
"EPI_ISL_408484","L","V","CTG","GTG","9192","ORF8 protein"
"EPI_ISL_410045","L","V","CTG","GTG","9192","ORF8 protein"
"EPI_ISL_407214","S","L","TCA","TTA","9214","ORF8 protein"
"EPI_ISL_410718","S","L","TCA","TTA","9214","ORF8 protein"
"EPI_ISL_407894","S","L","TCA","TTA","9214","ORF8 protein"
"EPI_ISL_408489","S","L","TCA","TTA","9214","ORF8 protein"
"EPI_ISL_408668","S","L","TCA","TTA","9214","ORF8 protein"
"EPI_ISL_407896","S","L","TCA","TTA","9214","ORF8 protein"
"EPI_ISL_407976","S","L","TCA","TTA","9214","ORF8 protein"
"EPI_ISL_407193","S","L","TCA","TTA","9214","ORF8 protein"
"EPI_ISL_407073","S","L","TCA","TTA","9214","ORF8 protein"
"EPI_ISL_406034","S","L","TCA","TTA","9214","ORF8 protein"
"EPI_ISL_407071","S","L","TCA","TTA","9214","ORF8 protein"
"EPI_ISL_407215","S","L","TCA","TTA","9214","ORF8 protein"
"EPI_ISL_407893","S","L","TCA","TTA","9214","ORF8 protein"
"EPI_ISL_406030","S","L","TCA","TTA","9214","ORF8 protein"
"EPI_ISL_405839","S","L","TCA","TTA","9214","ORF8 protein"
"EPI_ISL_408667","S","L","TCA","TTA","9214","ORF8 protein"
"EPI_ISL_406593","S","L","TCA","TTA","9214","ORF8 protein"
"EPI_ISL_410717","S","L","TCA","TTA","9214","ORF8 protein"
"EPI_ISL_408665","S","L","TCA","TTA","9214","ORF8 protein"
"EPI_ISL_408484","S","L","TCA","TTA","9214","ORF8 protein"
"EPI_ISL_408480","S","L","TCA","TTA","9214","ORF8 protein"
"EPI_ISL_403932","S","L","TCA","TTA","9214","ORF8 protein"
"EPI_ISL_406801","S","L","TCA","TTA","9214","ORF8 protein"
"EPI_ISL_403935","S","L","TCA","TTA","9214","ORF8 protein"
"EPI_ISL_408478","S","L","TCA","TTA","9214","ORF8 protein"
"EPI_ISL_404895","S","L","TCA","TTA","9214","ORF8 protein"
"EPI_ISL_408666","S","L","TCA","TTA","9214","ORF8 protein"
"EPI_ISL_410535","S","L","TCA","TTA","9214","ORF8 protein"
"EPI_ISL_406223","S","L","TCA","TTA","9214","ORF8 protein"
"EPI_ISL_410045","S","L","TCA","TTA","9214","ORF8 protein"
"EPI_ISL_403933","S","L","TCA","TTA","9214","ORF8 protein"
"EPI_ISL_402120","F","F","TTT","TTC","9250","ORF8 protein"
"NMDC60013002-09","F","F","TTT","TTC","9250","ORF8 protein"
"EPI_ISL_406534","P","P","CCT","CCC","9258","nucleocapsid phosphoprotein"
"EPI_ISL_406034","A","A","GCT","GCA","9425","nucleocapsid phosphoprotein"
"EPI_ISL_410713","N","N","AAT","AAC","9444","nucleocapsid phosphoprotein"
"EPI_ISL_409067","L","S","TTA","TCA","9446","nucleocapsid phosphoprotein"
"EPI_ISL_408009","L","S","TTA","TCA","9446","nucleocapsid phosphoprotein"
"EPI_ISL_406534","L","S","TTA","TCA","9446","nucleocapsid phosphoprotein"
"EPI_ISL_408008","L","S","TTA","TCA","9446","nucleocapsid phosphoprotein"
"EPI_ISL_406594","L","S","TTA","TCA","9446","nucleocapsid phosphoprotein"
"EPI_ISL_410718","N","S","AAT","AGT","9454","nucleocapsid phosphoprotein"
"EPI_ISL_407894","N","S","AAT","AGT","9454","nucleocapsid phosphoprotein"
"EPI_ISL_407896","N","S","AAT","AGT","9454","nucleocapsid phosphoprotein"
"EPI_ISL_410717","N","S","AAT","AGT","9454","nucleocapsid phosphoprotein"
"EPI_ISL_410535","N","S","AAT","AGT","9454","nucleocapsid phosphoprotein"
"EPI_ISL_408515","I","K","ATA","AAA","9501","nucleocapsid phosphoprotein"
"EPI_ISL_406030","F","F","TTT","TTC","9526","nucleocapsid phosphoprotein"
"EPI_ISL_405839","F","F","TTT","TTC","9526","nucleocapsid phosphoprotein"
"EPI_ISL_408667","F","F","TTT","TTC","9526","nucleocapsid phosphoprotein"
"EPI_ISL_406593","F","F","TTT","TTC","9526","nucleocapsid phosphoprotein"
"EPI_ISL_408665","F","F","TTT","TTC","9526","nucleocapsid phosphoprotein"
"EPI_ISL_403932","F","F","TTT","TTC","9526","nucleocapsid phosphoprotein"
"EPI_ISL_403935","F","F","TTT","TTC","9526","nucleocapsid phosphoprotein"
"EPI_ISL_408666","F","F","TTT","TTC","9526","nucleocapsid phosphoprotein"
"EPI_ISL_406223","F","F","TTT","TTC","9526","nucleocapsid phosphoprotein"
"EPI_ISL_403933","F","F","TTT","TTC","9526","nucleocapsid phosphoprotein"
"EPI_ISL_408478","P","P","CCT","CCC","9561","nucleocapsid phosphoprotein"
"EPI_ISL_408669","S","P","TCA","CCA","9596","nucleocapsid phosphoprotein"
"EPI_ISL_406533","S","P","TCA","CCA","9596","nucleocapsid phosphoprotein"
"EPI_ISL_408976","V","V","GTT","GTG","9644","nucleocapsid phosphoprotein"
"EPI_ISL_407073","M","I","ATG","ATA","9685","ORF10 protein"
