"Accession.ID","mutAA","refAA","ntPos","aaPos","Product","Product.ID"
"EPI_ISL_408009","T","A","349","117","orf1ab polyprotein","1"
"EPI_ISL_408008","T","A","349","117","orf1ab polyprotein","1"
"EPI_ISL_408430","S","P","925","309","orf1ab polyprotein","1"
"EPI_ISL_411218","S","P","925","309","orf1ab polyprotein","1"
"EPI_ISL_408667","Y","Y","2397","799","orf1ab polyprotein","1"
"EPI_ISL_408665","Y","Y","2397","799","orf1ab polyprotein","1"
"EPI_ISL_408666","Y","Y","2397","799","orf1ab polyprotein","1"
"EPI_ISL_408009","V","I","4819","1607","orf1ab polyprotein","1"
"EPI_ISL_408008","V","I","4819","1607","orf1ab polyprotein","1"
"EPI_ISL_407214","S","S","8517","2839","orf1ab polyprotein","1"
"EPI_ISL_410718","S","S","8517","2839","orf1ab polyprotein","1"
"EPI_ISL_411956","S","S","8517","2839","orf1ab polyprotein","1"
"EPI_ISL_407894","S","S","8517","2839","orf1ab polyprotein","1"
"EPI_ISL_408489","S","S","8517","2839","orf1ab polyprotein","1"
"EPI_ISL_408668","S","S","8517","2839","orf1ab polyprotein","1"
"EPI_ISL_407896","S","S","8517","2839","orf1ab polyprotein","1"
"EPI_ISL_407976","S","S","8517","2839","orf1ab polyprotein","1"
"EPI_ISL_411954","S","S","8517","2839","orf1ab polyprotein","1"
"EPI_ISL_407193","S","S","8517","2839","orf1ab polyprotein","1"
"EPI_ISL_407073","S","S","8517","2839","orf1ab polyprotein","1"
"EPI_ISL_406034","S","S","8517","2839","orf1ab polyprotein","1"
"EPI_ISL_407071","S","S","8517","2839","orf1ab polyprotein","1"
"EPI_ISL_407215","S","S","8517","2839","orf1ab polyprotein","1"
"EPI_ISL_407893","S","S","8517","2839","orf1ab polyprotein","1"
"EPI_ISL_406030","S","S","8517","2839","orf1ab polyprotein","1"
"EPI_ISL_405839","S","S","8517","2839","orf1ab polyprotein","1"
"EPI_ISL_408667","S","S","8517","2839","orf1ab polyprotein","1"
"EPI_ISL_406593","S","S","8517","2839","orf1ab polyprotein","1"
"EPI_ISL_410717","S","S","8517","2839","orf1ab polyprotein","1"
"EPI_ISL_408665","S","S","8517","2839","orf1ab polyprotein","1"
"EPI_ISL_408484","S","S","8517","2839","orf1ab polyprotein","1"
"EPI_ISL_408480","S","S","8517","2839","orf1ab polyprotein","1"
"EPI_ISL_412028","S","S","8517","2839","orf1ab polyprotein","1"
"EPI_ISL_403932","S","S","8517","2839","orf1ab polyprotein","1"
"EPI_ISL_406801","S","S","8517","2839","orf1ab polyprotein","1"
"EPI_ISL_411060","S","S","8517","2839","orf1ab polyprotein","1"
"EPI_ISL_403935","S","S","8517","2839","orf1ab polyprotein","1"
"EPI_ISL_408478","S","S","8517","2839","orf1ab polyprotein","1"
"EPI_ISL_404895","S","S","8517","2839","orf1ab polyprotein","1"
"EPI_ISL_408666","S","S","8517","2839","orf1ab polyprotein","1"
"EPI_ISL_410535","S","S","8517","2839","orf1ab polyprotein","1"
"EPI_ISL_406223","S","S","8517","2839","orf1ab polyprotein","1"
"EPI_ISL_410045","S","S","8517","2839","orf1ab polyprotein","1"
"EPI_ISL_403933","S","S","8517","2839","orf1ab polyprotein","1"
"EPI_ISL_411926","S","S","8517","2839","orf1ab polyprotein","1"
"EPI_ISL_408430","I","T","9173","3058","orf1ab polyprotein","1"
"EPI_ISL_411218","I","T","9173","3058","orf1ab polyprotein","1"
"EPI_ISL_410715","N","N","9873","3291","orf1ab polyprotein","1"
"EPI_ISL_410536","N","N","9873","3291","orf1ab polyprotein","1"
"EPI_ISL_410716","N","N","9873","3291","orf1ab polyprotein","1"
"EPI_ISL_410546","F","L","10818","3606","orf1ab polyprotein","1"
"EPI_ISL_408430","F","L","10818","3606","orf1ab polyprotein","1"
"EPI_ISL_407988","F","L","10818","3606","orf1ab polyprotein","1"
"EPI_ISL_408480","F","L","10818","3606","orf1ab polyprotein","1"
"EPI_ISL_411218","F","L","10818","3606","orf1ab polyprotein","1"
"EPI_ISL_406223","F","L","10818","3606","orf1ab polyprotein","1"
"EPI_ISL_408481","F","L","10818","3606","orf1ab polyprotein","1"
"EPI_ISL_412030","F","L","10818","3606","orf1ab polyprotein","1"
"EPI_ISL_408669","N","N","15060","5020","orf1ab polyprotein","1"
"EPI_ISL_406533","N","N","15060","5020","orf1ab polyprotein","1"
"EPI_ISL_408670","A","A","17109","5703","orf1ab polyprotein","1"
"EPI_ISL_410719","A","A","17109","5703","orf1ab polyprotein","1"
"EPI_ISL_411066","A","A","17109","5703","orf1ab polyprotein","1"
"EPI_ISL_406536","A","A","17109","5703","orf1ab polyprotein","1"
"EPI_ISL_406535","A","A","17109","5703","orf1ab polyprotein","1"
"EPI_ISL_407214","L","L","17796","5932","orf1ab polyprotein","1"
"EPI_ISL_407215","L","L","17796","5932","orf1ab polyprotein","1"
"EPI_ISL_411060","L","L","17796","5932","orf1ab polyprotein","1"
"EPI_ISL_408478","L","L","17796","5932","orf1ab polyprotein","1"
"EPI_ISL_404895","L","L","17796","5932","orf1ab polyprotein","1"
"EPI_ISL_407073","T","I","18224","6075","orf1ab polyprotein","1"
"EPI_ISL_407071","T","I","18224","6075","orf1ab polyprotein","1"
"EPI_ISL_411956","H","H","18339","6113","orf1ab polyprotein","1"
"EPI_ISL_410717","H","H","18339","6113","orf1ab polyprotein","1"
"EPI_ISL_403936","Y","H","21436","7146","surface glycoprotein","2"
"EPI_ISL_408010","Y","H","21436","7146","surface glycoprotein","2"
"EPI_ISL_406531","Y","H","21436","7146","surface glycoprotein","2"
"EPI_ISL_403937","Y","H","21436","7146","surface glycoprotein","2"
"EPI_ISL_410720","F","V","22390","7464","surface glycoprotein","2"
"EPI_ISL_411219","F","V","22390","7464","surface glycoprotein","2"
"EPI_ISL_412028","F","V","22390","7464","surface glycoprotein","2"
"EPI_ISL_411220","F","V","22390","7464","surface glycoprotein","2"
"EPI_ISL_406597","F","V","22390","7464","surface glycoprotein","2"
"EPI_ISL_406596","F","V","22390","7464","surface glycoprotein","2"
"EPI_ISL_407073","P","P","23334","7778","surface glycoprotein","2"
"EPI_ISL_407071","P","P","23334","7778","surface glycoprotein","2"
"EPI_ISL_409067","N","N","23763","7921","surface glycoprotein","2"
"EPI_ISL_408668","N","N","23763","7921","surface glycoprotein","2"
"EPI_ISL_406034","N","N","23763","7921","surface glycoprotein","2"
"EPI_ISL_408484","N","N","23763","7921","surface glycoprotein","2"
"EPI_ISL_410301","N","N","23763","7921","surface glycoprotein","2"
"EPI_ISL_410045","N","N","23763","7921","surface glycoprotein","2"
"EPI_ISL_402127","K","K","24054","8018","surface glycoprotein","2"
"EPI_ISL_411955","K","K","24054","8018","surface glycoprotein","2"
"EPI_ISL_410545","V","G","25865","8622","ORF3a protein","3"
"EPI_ISL_406031","V","G","25865","8622","ORF3a protein","3"
"EPI_ISL_410720","V","G","25865","8622","ORF3a protein","3"
"EPI_ISL_406036","V","G","25865","8622","ORF3a protein","3"
"EPI_ISL_410546","V","G","25865","8622","ORF3a protein","3"
"EPI_ISL_410715","V","G","25865","8622","ORF3a protein","3"
"EPI_ISL_411219","V","G","25865","8622","ORF3a protein","3"
"EPI_ISL_410536","V","G","25865","8622","ORF3a protein","3"
"EPI_ISL_408977","V","G","25865","8622","ORF3a protein","3"
"EPI_ISL_410713","V","G","25865","8622","ORF3a protein","3"
"EPI_ISL_411220","V","G","25865","8622","ORF3a protein","3"
"EPI_ISL_406844","V","G","25865","8622","ORF3a protein","3"
"EPI_ISL_406597","V","G","25865","8622","ORF3a protein","3"
"EPI_ISL_410716","V","G","25865","8622","ORF3a protein","3"
"EPI_ISL_412116","V","G","25865","8622","ORF3a protein","3"
"EPI_ISL_410714","V","G","25865","8622","ORF3a protein","3"
"EPI_ISL_406596","V","G","25865","8622","ORF3a protein","3"
"EPI_ISL_412029","V","G","25865","8622","ORF3a protein","3"
"EPI_ISL_408668","A","A","26376","8792","membrane glycoprotein","5"
"EPI_ISL_406034","A","A","26376","8792","membrane glycoprotein","5"
"EPI_ISL_408484","A","A","26376","8792","membrane glycoprotein","5"
"EPI_ISL_412028","A","A","26376","8792","membrane glycoprotein","5"
"EPI_ISL_410045","A","A","26376","8792","membrane glycoprotein","5"
"EPI_ISL_410537","H","D","26794","8932","membrane glycoprotein","5"
"EPI_ISL_407987","H","D","26794","8932","membrane glycoprotein","5"
"EPI_ISL_408668","L","V","27574","9192","ORF8 protein","8"
"EPI_ISL_406034","L","V","27574","9192","ORF8 protein","8"
"EPI_ISL_408484","L","V","27574","9192","ORF8 protein","8"
"EPI_ISL_412028","L","V","27574","9192","ORF8 protein","8"
"EPI_ISL_410045","L","V","27574","9192","ORF8 protein","8"
"EPI_ISL_407214","S","L","27641","9214","ORF8 protein","8"
"EPI_ISL_410718","S","L","27641","9214","ORF8 protein","8"
"EPI_ISL_411956","S","L","27641","9214","ORF8 protein","8"
"EPI_ISL_407894","S","L","27641","9214","ORF8 protein","8"
"EPI_ISL_408489","S","L","27641","9214","ORF8 protein","8"
"EPI_ISL_408668","S","L","27641","9214","ORF8 protein","8"
"EPI_ISL_407896","S","L","27641","9214","ORF8 protein","8"
"EPI_ISL_407976","S","L","27641","9214","ORF8 protein","8"
"EPI_ISL_411954","S","L","27641","9214","ORF8 protein","8"
"EPI_ISL_407193","S","L","27641","9214","ORF8 protein","8"
"EPI_ISL_407073","S","L","27641","9214","ORF8 protein","8"
"EPI_ISL_406034","S","L","27641","9214","ORF8 protein","8"
"EPI_ISL_407071","S","L","27641","9214","ORF8 protein","8"
"EPI_ISL_407215","S","L","27641","9214","ORF8 protein","8"
"EPI_ISL_407893","S","L","27641","9214","ORF8 protein","8"
"EPI_ISL_406030","S","L","27641","9214","ORF8 protein","8"
"EPI_ISL_405839","S","L","27641","9214","ORF8 protein","8"
"EPI_ISL_408667","S","L","27641","9214","ORF8 protein","8"
"EPI_ISL_406593","S","L","27641","9214","ORF8 protein","8"
"EPI_ISL_410717","S","L","27641","9214","ORF8 protein","8"
"EPI_ISL_408665","S","L","27641","9214","ORF8 protein","8"
"EPI_ISL_408484","S","L","27641","9214","ORF8 protein","8"
"EPI_ISL_408480","S","L","27641","9214","ORF8 protein","8"
"EPI_ISL_412028","S","L","27641","9214","ORF8 protein","8"
"EPI_ISL_403932","S","L","27641","9214","ORF8 protein","8"
"EPI_ISL_406801","S","L","27641","9214","ORF8 protein","8"
"EPI_ISL_411060","S","L","27641","9214","ORF8 protein","8"
"EPI_ISL_403935","S","L","27641","9214","ORF8 protein","8"
"EPI_ISL_408478","S","L","27641","9214","ORF8 protein","8"
"EPI_ISL_404895","S","L","27641","9214","ORF8 protein","8"
"EPI_ISL_408666","S","L","27641","9214","ORF8 protein","8"
"EPI_ISL_410535","S","L","27641","9214","ORF8 protein","8"
"EPI_ISL_406223","S","L","27641","9214","ORF8 protein","8"
"EPI_ISL_410045","S","L","27641","9214","ORF8 protein","8"
"EPI_ISL_403933","S","L","27641","9214","ORF8 protein","8"
"EPI_ISL_411926","S","L","27641","9214","ORF8 protein","8"
"EPI_ISL_409067","L","S","28337","9446","nucleocapsid phosphoprotein","9"
"EPI_ISL_408009","L","S","28337","9446","nucleocapsid phosphoprotein","9"
"EPI_ISL_406534","L","S","28337","9446","nucleocapsid phosphoprotein","9"
"EPI_ISL_408008","L","S","28337","9446","nucleocapsid phosphoprotein","9"
"EPI_ISL_406594","L","S","28337","9446","nucleocapsid phosphoprotein","9"
"EPI_ISL_410718","N","S","28361","9454","nucleocapsid phosphoprotein","9"
"EPI_ISL_407894","N","S","28361","9454","nucleocapsid phosphoprotein","9"
"EPI_ISL_407896","N","S","28361","9454","nucleocapsid phosphoprotein","9"
"EPI_ISL_411954","N","S","28361","9454","nucleocapsid phosphoprotein","9"
"EPI_ISL_410717","N","S","28361","9454","nucleocapsid phosphoprotein","9"
"EPI_ISL_410535","N","S","28361","9454","nucleocapsid phosphoprotein","9"
"EPI_ISL_411956","F","F","28578","9526","nucleocapsid phosphoprotein","9"
"EPI_ISL_406030","F","F","28578","9526","nucleocapsid phosphoprotein","9"
"EPI_ISL_405839","F","F","28578","9526","nucleocapsid phosphoprotein","9"
"EPI_ISL_408667","F","F","28578","9526","nucleocapsid phosphoprotein","9"
"EPI_ISL_406593","F","F","28578","9526","nucleocapsid phosphoprotein","9"
"EPI_ISL_408665","F","F","28578","9526","nucleocapsid phosphoprotein","9"
"EPI_ISL_403932","F","F","28578","9526","nucleocapsid phosphoprotein","9"
"EPI_ISL_403935","F","F","28578","9526","nucleocapsid phosphoprotein","9"
"EPI_ISL_408666","F","F","28578","9526","nucleocapsid phosphoprotein","9"
"EPI_ISL_406223","F","F","28578","9526","nucleocapsid phosphoprotein","9"
"EPI_ISL_403933","F","F","28578","9526","nucleocapsid phosphoprotein","9"
"EPI_ISL_408669","S","P","28786","9596","nucleocapsid phosphoprotein","9"
"EPI_ISL_406533","S","P","28786","9596","nucleocapsid phosphoprotein","9"
